<?xml version="1.0" encoding="UTF-8"?>
<project-private xmlns="http://www.netbeans.org/ns/project-private/1">
    <editor-bookmarks xmlns="http://www.netbeans.org/ns/editor-bookmarks/2" lastBookmarkId="0"/>
    <open-files xmlns="http://www.netbeans.org/ns/projectui-open-files/2">
        <group>
            <file>file:/C:/Users/Umer/OneDrive/Documents/NetBeansProjects/ADV%20Job%20Potal/src/adv/job/potal/Login.java</file>
            <file>file:/C:/Users/Umer/OneDrive/Documents/NetBeansProjects/ADV%20Job%20Potal/src/adv/job/potal/feedback.java</file>
            <file>file:/C:/Users/Umer/OneDrive/Documents/NetBeansProjects/ADV%20Job%20Potal/src/adv/job/potal/SignUp.java</file>
            <file>file:/C:/Users/Umer/OneDrive/Documents/NetBeansProjects/ADV%20Job%20Potal/src/adv/job/potal/PROFESION.java</file>
            <file>file:/C:/Users/Umer/OneDrive/Documents/NetBeansProjects/ADV%20Job%20Potal/src/adv/job/potal/Forgot.java</file>
            <file>file:/C:/Users/Umer/OneDrive/Documents/NetBeansProjects/ADV%20Job%20Potal/src/adv/job/potal/Menu.java</file>
            <file>file:/C:/Users/Umer/OneDrive/Documents/NetBeansProjects/ADV%20Job%20Potal/src/adv/job/potal/Admin.java</file>
            <file>file:/C:/Users/Umer/OneDrive/Documents/NetBeansProjects/ADV%20Job%20Potal/src/adv/job/potal/DashDesign.java</file>
        </group>
    </open-files>
</project-private>
